update_dt,chain_id,address,risk_level,confidence,risk_descriptions,ref_link
2023-09-06,56,0x00000000001f8b68515efb546542397d3293ccfd,5,80,The address is blacklisted based on threat intelligence or manual analysis.; The address was marked as red alarm on: https://dappbay.bnbchain.org/red-alarm.,https://dappbay.bnbchain.org/risk-scanner/0x00000000001f8b68515efb546542397d3293ccfd
2023-09-06,56,0x000000000027583d895e5c06b7b9e96762c1e165,5,80,The address is blacklisted based on threat intelligence or manual analysis.; The address was marked as red alarm on: https://dappbay.bnbchain.org/red-alarm.,https://dappbay.bnbchain.org/risk-scanner/0x000000000027583d895e5c06b7b9e96762c1e165
2023-09-06,56,0x00000000004712b0169adce3dcf583fada3dc0e0,5,80,The address is blacklisted based on threat intelligence or manual analysis.; The address was marked as red alarm on: https://dappbay.bnbchain.org/red-alarm.,https://dappbay.bnbchain.org/risk-scanner/0x00000000004712b0169adce3dcf583fada3dc0e0
2023-09-06,56,0x00000000004e660d7929b04626bbf28cbecce534,5,80,The address is blacklisted based on threat intelligence or manual analysis.; The address was marked as red alarm on: https://dappbay.bnbchain.org/red-alarm.,https://dappbay.bnbchain.org/risk-scanner/0x00000000004e660d7929b04626bbf28cbecce534
2023-09-06,56,0x0000000000b35ae47b12b8ccf2f8d51e208760c8,5,80,The address is blacklisted based on threat intelligence or manual analysis.; The address was marked as red alarm on: https://dappbay.bnbchain.org/red-alarm.,https://dappbay.bnbchain.org/risk-scanner/0x0000000000b35ae47b12b8ccf2f8d51e208760c8
2023-09-06,56,0x0000000000f73a9daf39d74d785f5886bfbae81b,5,80,The address is blacklisted based on threat intelligence or manual analysis.; The address was marked as red alarm on: https://dappbay.bnbchain.org/red-alarm.,https://dappbay.bnbchain.org/risk-scanner/0x0000000000f73a9daf39d74d785f5886bfbae81b
2023-09-06,56,0x0000000000f83bf708c3e3bd57f24411f6fc67f5,5,80,The address is blacklisted based on threat intelligence or manual analysis.; The address was marked as red alarm on: https://dappbay.bnbchain.org/red-alarm.,https://dappbay.bnbchain.org/risk-scanner/0x0000000000f83bf708c3e3bd57f24411f6fc67f5
2023-09-06,56,0x000000000482aa9817645c3d56aa2230f6573532,5,80,The address is blacklisted based on threat intelligence or manual analysis.; The address was marked as red alarm on: https://dappbay.bnbchain.org/red-alarm.,https://dappbay.bnbchain.org/risk-scanner/0x000000000482aa9817645c3d56aa2230f6573532
2023-09-06,56,0x0000000009b6fecc7a941111d72f072f13e8aa5e,5,80,The address is blacklisted based on threat intelligence or manual analysis.; The address was marked as red alarm on: https://dappbay.bnbchain.org/red-alarm.,https://dappbay.bnbchain.org/risk-scanner/0x0000000009b6fecc7a941111d72f072f13e8aa5e
2023-09-06,56,0x0000000519ae2727ccd6d3c00c00a76473a002ce,5,80,The address is blacklisted based on threat intelligence or manual analysis.; The address was marked as red alarm on: https://dappbay.bnbchain.org/red-alarm.,https://dappbay.bnbchain.org/risk-scanner/0x0000000519ae2727ccd6d3c00c00a76473a002ce
2023-09-06,56,0x000011387eb24f199e875b1325e4805efd3b0000,5,80,The address is blacklisted based on threat intelligence or manual analysis.; The address was marked as red alarm on: https://dappbay.bnbchain.org/red-alarm.,https://dappbay.bnbchain.org/risk-scanner/0x000011387eb24f199e875b1325e4805efd3b0000
2023-09-06,56,0x066aee69d93dee28b32a57febd1878a2d94f6b0c,5,80,The address is blacklisted based on threat intelligence or manual analysis.; The address was marked as red alarm on: https://dappbay.bnbchain.org/red-alarm.,https://dappbay.bnbchain.org/risk-scanner/0x066aee69d93dee28b32a57febd1878a2d94f6b0c
2023-09-06,56,0x0aac033fcc100a9939d51146ab7b1fd0a05e34f7,5,80,The address is blacklisted based on threat intelligence or manual analysis.; The address was marked as red alarm on: https://dappbay.bnbchain.org/red-alarm.,https://dappbay.bnbchain.org/risk-scanner/0x0aac033fcc100a9939d51146ab7b1fd0a05e34f7
2023-09-06,56,0x0b7dc561777842d55163e0f48886295aad1359b9,5,80,The address is blacklisted based on threat intelligence or manual analysis.; The address was marked as red alarm on: https://dappbay.bnbchain.org/red-alarm.,https://dappbay.bnbchain.org/risk-scanner/0x0b7dc561777842d55163e0f48886295aad1359b9
2023-09-06,56,0x0cca1055f3827b6d2f530d52c514e3699c98f3b9,5,80,The address is blacklisted based on threat intelligence or manual analysis.; The address was marked as red alarm on: https://dappbay.bnbchain.org/red-alarm.,https://dappbay.bnbchain.org/risk-scanner/0x0cca1055f3827b6d2f530d52c514e3699c98f3b9
2023-09-06,56,0x0cd2b73e194274a26cb2008da153751d04f6d822,5,80,The address is blacklisted based on threat intelligence or manual analysis.; The address was marked as red alarm on: https://dappbay.bnbchain.org/red-alarm.,https://dappbay.bnbchain.org/risk-scanner/0x0cd2b73e194274a26cb2008da153751d04f6d822
2023-09-06,56,0x0eb6b3438150bba686399b0dc82b9e7b3dc94880,5,80,The address is blacklisted based on threat intelligence or manual analysis.; The address was marked as red alarm on: https://dappbay.bnbchain.org/red-alarm.,https://dappbay.bnbchain.org/risk-scanner/0x0eb6b3438150bba686399b0dc82b9e7b3dc94880
2023-09-06,56,0x11a1764c877837921eca6f3f58cdbe9bcd4e9e5e,5,80,The address is blacklisted based on threat intelligence or manual analysis.; The address was marked as red alarm on: https://dappbay.bnbchain.org/red-alarm.,https://dappbay.bnbchain.org/risk-scanner/0x11a1764c877837921eca6f3f58cdbe9bcd4e9e5e
2023-09-06,56,0x11f86be349f234686d6feafb3c50b2112fbe4285,5,80,The address is blacklisted based on threat intelligence or manual analysis.; The address was marked as red alarm on: https://dappbay.bnbchain.org/red-alarm.,https://dappbay.bnbchain.org/risk-scanner/0x11f86be349f234686d6feafb3c50b2112fbe4285
2023-09-06,56,0x14e4f98538b93a18e39c62619901d5927c3004b8,5,80,"The address was marked as red alarm on: https://dappbay.bnbchain.org/red-alarm.; The contract has some scam features such as Ponzi, Honeypot or fake token, please be careful of scam risk.",https://dappbay.bnbchain.org/risk-scanner/0x14e4f98538b93a18e39c62619901d5927c3004b8
2023-09-06,56,0x18ba4ac2c7faa39427d47e14b1305a478e68e014,5,80,The address is blacklisted based on threat intelligence or manual analysis.; The address was marked as red alarm on: https://dappbay.bnbchain.org/red-alarm.,https://dappbay.bnbchain.org/risk-scanner/0x18ba4ac2c7faa39427d47e14b1305a478e68e014
2023-09-06,56,0x19a00e359990ec7daf6e9dd9a2fb7664014bb5f7,5,80,The address is blacklisted based on threat intelligence or manual analysis.; The address was marked as red alarm on: https://dappbay.bnbchain.org/red-alarm.,https://dappbay.bnbchain.org/risk-scanner/0x19a00e359990ec7daf6e9dd9a2fb7664014bb5f7
2023-09-06,56,0x1a7b4d47f59b85967629725a9d73218614d47089,5,80,"The address was marked as red alarm on: https://dappbay.bnbchain.org/red-alarm.; The contract contains some backdoor function which could mean the owner has some potentially malicious intent, please be careful of rugpull risk.; The contract has some scam features such as Ponzi, Honeypot or fake token, please be careful of scam risk.",https://dappbay.bnbchain.org/risk-scanner/0x1a7b4d47f59b85967629725a9d73218614d47089
2023-09-06,56,0x1bef58be3d17c9405c2f7ee10e1a24c907d354e9,5,80,The address is blacklisted based on threat intelligence or manual analysis.; The address was marked as red alarm on: https://dappbay.bnbchain.org/red-alarm.,https://dappbay.bnbchain.org/risk-scanner/0x1bef58be3d17c9405c2f7ee10e1a24c907d354e9
2023-09-06,56,0x1c73c9a44b3023134f7eac7ab30e9ab5a4615a76,5,80,The address is blacklisted based on threat intelligence or manual analysis.; The address was marked as red alarm on: https://dappbay.bnbchain.org/red-alarm.,https://dappbay.bnbchain.org/risk-scanner/0x1c73c9a44b3023134f7eac7ab30e9ab5a4615a76
2023-09-06,56,0x1ce89c5085e41919e7b2e74058f8c873a8a2e441,5,80,The address is blacklisted based on threat intelligence or manual analysis.; The address was marked as red alarm on: https://dappbay.bnbchain.org/red-alarm.,https://dappbay.bnbchain.org/risk-scanner/0x1ce89c5085e41919e7b2e74058f8c873a8a2e441
2023-09-06,56,0x1cebdfdfd60c1df201d7b5648b96af4e7526b041,5,80,The address is blacklisted based on threat intelligence or manual analysis.; The address was marked as red alarm on: https://dappbay.bnbchain.org/red-alarm.,https://dappbay.bnbchain.org/risk-scanner/0x1cebdfdfd60c1df201d7b5648b96af4e7526b041
2023-09-06,56,0x1ee55994d8f9c58edf329f02187cf0c00efeba77,5,80,The address is blacklisted based on threat intelligence or manual analysis.; The address was marked as red alarm on: https://dappbay.bnbchain.org/red-alarm.,https://dappbay.bnbchain.org/risk-scanner/0x1ee55994d8f9c58edf329f02187cf0c00efeba77
2023-09-06,56,0x22dcf18fda7eb5e1fed0a53568d702de8107f638,5,80,The address is blacklisted based on threat intelligence or manual analysis.; The address was marked as red alarm on: https://dappbay.bnbchain.org/red-alarm.,https://dappbay.bnbchain.org/risk-scanner/0x22dcf18fda7eb5e1fed0a53568d702de8107f638
2023-09-06,56,0x231b69254d48de6e96c395100b3d9bce8d658e49,5,80,The address is blacklisted based on threat intelligence or manual analysis.; The address was marked as red alarm on: https://dappbay.bnbchain.org/red-alarm.,https://dappbay.bnbchain.org/risk-scanner/0x231b69254d48de6e96c395100b3d9bce8d658e49
2023-09-06,56,0x24c922559d151c21fd42acdd10fc1969ead79dcc,5,80,"The address was marked as red alarm on: https://dappbay.bnbchain.org/red-alarm.; The contract has some scam features such as Ponzi, Honeypot or fake token, please be careful of scam risk.",https://dappbay.bnbchain.org/risk-scanner/0x24c922559d151c21fd42acdd10fc1969ead79dcc
2023-09-06,56,0x2808ef59aac8b2eb92cc76610e24dba6f0050af3,5,80,The address is blacklisted based on threat intelligence or manual analysis.; The address was marked as red alarm on: https://dappbay.bnbchain.org/red-alarm.,https://dappbay.bnbchain.org/risk-scanner/0x2808ef59aac8b2eb92cc76610e24dba6f0050af3
2023-09-06,56,0x299aef5cc28e1387ee0951163ef67b0c7d591968,5,80,The address is blacklisted based on threat intelligence or manual analysis.; The address was marked as red alarm on: https://dappbay.bnbchain.org/red-alarm.,https://dappbay.bnbchain.org/risk-scanner/0x299aef5cc28e1387ee0951163ef67b0c7d591968
2023-09-06,56,0x29c55f1b02a95f0b30e61976835a3eee2359ad92,5,80,"The address is related to a coin mixer platform such as Tornado.Cash, which could mean some potential risks, please be careful of scam risk; The address was marked as red alarm on: https://dappbay.bnbchain.org/red-alarm.; The contract contains some backdoor function which could mean the owner has some potentially malicious intent, please be careful of rugpull risk.; The contract has some scam features such as Ponzi, Honeypot or fake token, please be careful of scam risk.",https://dappbay.bnbchain.org/risk-scanner/0x29c55f1b02a95f0b30e61976835a3eee2359ad92
2023-09-06,56,0x2b2af27b6d8bdff171a97fe12a8fe0fcc9cc4bbd,5,80,The address is blacklisted based on threat intelligence or manual analysis.; The address was marked as red alarm on: https://dappbay.bnbchain.org/red-alarm.,https://dappbay.bnbchain.org/risk-scanner/0x2b2af27b6d8bdff171a97fe12a8fe0fcc9cc4bbd
2023-09-06,56,0x2caa4694cb7daf7d49a198dc1103c06d4991ae52,5,80,The address is blacklisted based on threat intelligence or manual analysis.; The address was marked as red alarm on: https://dappbay.bnbchain.org/red-alarm.,https://dappbay.bnbchain.org/risk-scanner/0x2caa4694cb7daf7d49a198dc1103c06d4991ae52
2023-09-06,56,0x2d1cfbb3468f78f916cca25f050d44b6115392e0,5,80,The address is blacklisted based on threat intelligence or manual analysis.; The address was marked as red alarm on: https://dappbay.bnbchain.org/red-alarm.,https://dappbay.bnbchain.org/risk-scanner/0x2d1cfbb3468f78f916cca25f050d44b6115392e0
2023-09-06,56,0x30977f8486643d9c216f0f8b12190d51c14b69b4,5,80,The address is blacklisted based on threat intelligence or manual analysis.; The address was marked as red alarm on: https://dappbay.bnbchain.org/red-alarm.,https://dappbay.bnbchain.org/risk-scanner/0x30977f8486643d9c216f0f8b12190d51c14b69b4
2023-09-06,56,0x378b7a04c7cc71556319cd031cd56b1f986e2024,5,80,"The address was marked as red alarm on: https://dappbay.bnbchain.org/red-alarm.; The contract contains some backdoor function which could mean the owner has some potentially malicious intent, please be careful of rugpull risk.; The contract contains some privileged role function which could mean some centralization risk, please be careful of rugpull risk.; The contract has some scam features such as Ponzi, Honeypot or fake token, please be careful of scam risk.",https://dappbay.bnbchain.org/risk-scanner/0x378b7a04c7cc71556319cd031cd56b1f986e2024
2023-09-06,56,0x391d5667a95b50ab6905cd18752c3c5812a7e001,5,80,"The address was marked as red alarm on: https://dappbay.bnbchain.org/red-alarm.; The contract has some scam features such as Ponzi, Honeypot or fake token, please be careful of scam risk.",https://dappbay.bnbchain.org/risk-scanner/0x391d5667a95b50ab6905cd18752c3c5812a7e001
2023-09-06,56,0x396d8805d184ef5325b5ccd107638adfd38ccff8,5,80,The address is blacklisted based on threat intelligence or manual analysis.; The address was marked as red alarm on: https://dappbay.bnbchain.org/red-alarm.,https://dappbay.bnbchain.org/risk-scanner/0x396d8805d184ef5325b5ccd107638adfd38ccff8
2023-09-06,56,0x41f4a8654ae5410175f197d3c2d239053083021c,5,80,The address is blacklisted based on threat intelligence or manual analysis.; The address was marked as red alarm on: https://dappbay.bnbchain.org/red-alarm.,https://dappbay.bnbchain.org/risk-scanner/0x41f4a8654ae5410175f197d3c2d239053083021c
2023-09-06,56,0x490bba5fdc58951e8309572eb928b7aa147d2428,5,80,The address is blacklisted based on threat intelligence or manual analysis.; The address was marked as red alarm on: https://dappbay.bnbchain.org/red-alarm.,https://dappbay.bnbchain.org/risk-scanner/0x490bba5fdc58951e8309572eb928b7aa147d2428
2023-09-06,56,0x4ad99f6461828ff8d9c3eba26c3ee2fae63ec1d1,5,80,The address is blacklisted based on threat intelligence or manual analysis.; The address was marked as red alarm on: https://dappbay.bnbchain.org/red-alarm.,https://dappbay.bnbchain.org/risk-scanner/0x4ad99f6461828ff8d9c3eba26c3ee2fae63ec1d1
2023-09-06,56,0x4c3145cb6285eb269c37685e05ff8c6684a70ec7,5,80,The address is blacklisted based on threat intelligence or manual analysis.; The address was marked as red alarm on: https://dappbay.bnbchain.org/red-alarm.,https://dappbay.bnbchain.org/risk-scanner/0x4c3145cb6285eb269c37685e05ff8c6684a70ec7
2023-09-06,56,0x4d50e3f89bbc63d199e1bbbd04cd15bf2382592b,5,80,"The address is blacklisted based on threat intelligence or manual analysis.; The address was marked as red alarm on: https://dappbay.bnbchain.org/red-alarm.; The contract contains some backdoor function which could mean the owner has some potentially malicious intent, please be careful of rugpull risk.; The contract contains some privileged role function which could mean some centralization risk, please be careful of rugpull risk.; The contract has some scam features such as Ponzi, Honeypot or fake token, please be careful of scam risk.",https://dappbay.bnbchain.org/risk-scanner/0x4d50e3f89bbc63d199e1bbbd04cd15bf2382592b
2023-09-06,56,0x4fe59adcf621489ced2d674978132a54d432653a,5,80,The address is blacklisted based on threat intelligence or manual analysis.; The address was marked as red alarm on: https://dappbay.bnbchain.org/red-alarm.,https://dappbay.bnbchain.org/risk-scanner/0x4fe59adcf621489ced2d674978132a54d432653a
2023-09-06,56,0x542dd51f8d1df69b48cbeb0876b26612befeee02,5,80,"The address was marked as red alarm on: https://dappbay.bnbchain.org/red-alarm.; The contract contains some backdoor function which could mean the owner has some potentially malicious intent, please be careful of rugpull risk.; The contract has some scam features such as Ponzi, Honeypot or fake token, please be careful of scam risk.",https://dappbay.bnbchain.org/risk-scanner/0x542dd51f8d1df69b48cbeb0876b26612befeee02
2023-09-06,56,0x55252a6d50bfad0e5f1009541284c783686f7f25,5,80,The address is blacklisted based on threat intelligence or manual analysis.; The address was marked as red alarm on: https://dappbay.bnbchain.org/red-alarm.,https://dappbay.bnbchain.org/risk-scanner/0x55252a6d50bfad0e5f1009541284c783686f7f25
2023-09-06,56,0x5620eba565d42e8a7eac25721d8fe9270ac8ca3e,5,80,The address is blacklisted based on threat intelligence or manual analysis.; The address was marked as red alarm on: https://dappbay.bnbchain.org/red-alarm.,https://dappbay.bnbchain.org/risk-scanner/0x5620eba565d42e8a7eac25721d8fe9270ac8ca3e
2023-09-06,56,0x56505beee302207f9c92234d8880c28d2068d642,5,80,The address is blacklisted based on threat intelligence or manual analysis.; The address was marked as red alarm on: https://dappbay.bnbchain.org/red-alarm.,https://dappbay.bnbchain.org/risk-scanner/0x56505beee302207f9c92234d8880c28d2068d642
2023-09-06,56,0x58b3169f6ee245681977ce52850c44120b5d6af7,5,80,The address is blacklisted based on threat intelligence or manual analysis.; The address was marked as red alarm on: https://dappbay.bnbchain.org/red-alarm.,https://dappbay.bnbchain.org/risk-scanner/0x58b3169f6ee245681977ce52850c44120b5d6af7
2023-09-06,56,0x5bd532d1af1456dd3bd86b858355b0e3b6b79733,5,80,"The address was marked as red alarm on: https://dappbay.bnbchain.org/red-alarm.; The contract contains some backdoor function which could mean the owner has some potentially malicious intent, please be careful of rugpull risk.; The contract contains some privileged role function which could mean some centralization risk, please be careful of rugpull risk.; The contract has some scam features such as Ponzi, Honeypot or fake token, please be careful of scam risk.",https://dappbay.bnbchain.org/risk-scanner/0x5bd532d1af1456dd3bd86b858355b0e3b6b79733
2023-09-06,56,0x5d7f63cd0713b35ddde6b081899579bf1db0661a,5,80,The address is blacklisted based on threat intelligence or manual analysis.; The address was marked as red alarm on: https://dappbay.bnbchain.org/red-alarm.,https://dappbay.bnbchain.org/risk-scanner/0x5d7f63cd0713b35ddde6b081899579bf1db0661a
2023-09-06,56,0x5f7a1a4dafd0718caee1184caa4862543f75edb1,5,80,The address is blacklisted based on threat intelligence or manual analysis.; The address was marked as red alarm on: https://dappbay.bnbchain.org/red-alarm.,https://dappbay.bnbchain.org/risk-scanner/0x5f7a1a4dafd0718caee1184caa4862543f75edb1
2023-09-06,56,0x603c778756c55d30d2061cd8af51bb196da343ad,5,80,The address is blacklisted based on threat intelligence or manual analysis.; The address was marked as red alarm on: https://dappbay.bnbchain.org/red-alarm.,https://dappbay.bnbchain.org/risk-scanner/0x603c778756c55d30d2061cd8af51bb196da343ad
2023-09-06,56,0x65efb57c57c0b870f378ba08ee6ba305ca14491f,5,80,The address is blacklisted based on threat intelligence or manual analysis.; The address was marked as red alarm on: https://dappbay.bnbchain.org/red-alarm.,https://dappbay.bnbchain.org/risk-scanner/0x65efb57c57c0b870f378ba08ee6ba305ca14491f
2023-09-06,56,0x684a8f265f223849dbe55e42b72a59fe0677ebe1,5,80,The address is blacklisted based on threat intelligence or manual analysis.; The address was marked as red alarm on: https://dappbay.bnbchain.org/red-alarm.,https://dappbay.bnbchain.org/risk-scanner/0x684a8f265f223849dbe55e42b72a59fe0677ebe1
2023-09-06,56,0x685bfdd3c2937744c13d7de0821c83191e3027ff,5,80,The address is blacklisted based on threat intelligence or manual analysis.; The address was marked as red alarm on: https://dappbay.bnbchain.org/red-alarm.,https://dappbay.bnbchain.org/risk-scanner/0x685bfdd3c2937744c13d7de0821c83191e3027ff
2023-09-06,56,0x6b2363400aed22e1613f93693c79c02a688db1cb,5,80,The address is blacklisted based on threat intelligence or manual analysis.; The address was marked as red alarm on: https://dappbay.bnbchain.org/red-alarm.,https://dappbay.bnbchain.org/risk-scanner/0x6b2363400aed22e1613f93693c79c02a688db1cb
2023-09-06,56,0x6db072742a6ad3772e9340d6d7435075d3213d27,5,80,The address is blacklisted based on threat intelligence or manual analysis.; The address was marked as red alarm on: https://dappbay.bnbchain.org/red-alarm.,https://dappbay.bnbchain.org/risk-scanner/0x6db072742a6ad3772e9340d6d7435075d3213d27
2023-09-06,56,0x71753d0586ea6b979dfccbb492a45e611e0e0ad6,5,80,The address is blacklisted based on threat intelligence or manual analysis.; The address was marked as red alarm on: https://dappbay.bnbchain.org/red-alarm.,https://dappbay.bnbchain.org/risk-scanner/0x71753d0586ea6b979dfccbb492a45e611e0e0ad6
2023-09-06,56,0x725e02c7f9168f45b3699cfb7c262fb6dd355e84,5,80,The address is blacklisted based on threat intelligence or manual analysis.; The address was marked as red alarm on: https://dappbay.bnbchain.org/red-alarm.,https://dappbay.bnbchain.org/risk-scanner/0x725e02c7f9168f45b3699cfb7c262fb6dd355e84
2023-09-06,56,0x74f207765e4c1c912b5206d716a8b8d6953a5ff1,5,80,The address is blacklisted based on threat intelligence or manual analysis.; The address was marked as red alarm on: https://dappbay.bnbchain.org/red-alarm.,https://dappbay.bnbchain.org/risk-scanner/0x74f207765e4c1c912b5206d716a8b8d6953a5ff1
2023-09-06,56,0x76f56f4b232d88d7470471a91d1c2e6ce916866e,5,80,The address is blacklisted based on threat intelligence or manual analysis.; The address was marked as red alarm on: https://dappbay.bnbchain.org/red-alarm.,https://dappbay.bnbchain.org/risk-scanner/0x76f56f4b232d88d7470471a91d1c2e6ce916866e
2023-09-06,56,0x78cb4a1a221065940662324df3adb909574e1786,5,80,"The address was marked as red alarm on: https://dappbay.bnbchain.org/red-alarm.; The contract has some scam features such as Ponzi, Honeypot or fake token, please be careful of scam risk.",https://dappbay.bnbchain.org/risk-scanner/0x78cb4a1a221065940662324df3adb909574e1786
2023-09-06,56,0x7d052ea1d52cc92f932f89236abfad64d544795a,5,80,The address is blacklisted based on threat intelligence or manual analysis.; The address was marked as red alarm on: https://dappbay.bnbchain.org/red-alarm.,https://dappbay.bnbchain.org/risk-scanner/0x7d052ea1d52cc92f932f89236abfad64d544795a
2023-09-06,56,0x7e6202903275772044198d07b8a536cc064f8480,5,80,The address is blacklisted based on threat intelligence or manual analysis.; The address was marked as red alarm on: https://dappbay.bnbchain.org/red-alarm.,https://dappbay.bnbchain.org/risk-scanner/0x7e6202903275772044198d07b8a536cc064f8480
2023-09-06,56,0x81952ced232b9c5eb32509a3b446286c4e9b4c41,5,80,The address is blacklisted based on threat intelligence or manual analysis.; The address was marked as red alarm on: https://dappbay.bnbchain.org/red-alarm.,https://dappbay.bnbchain.org/risk-scanner/0x81952ced232b9c5eb32509a3b446286c4e9b4c41
2023-09-06,56,0x8245f3b36aede2a0e583253e5cf7a6af3988c3d7,5,80,"The address was marked as red alarm on: https://dappbay.bnbchain.org/red-alarm.; The contract contains some backdoor function which could mean the owner has some potentially malicious intent, please be careful of rugpull risk.; The contract contains some privileged role function which could mean some centralization risk, please be careful of rugpull risk.",https://dappbay.bnbchain.org/risk-scanner/0x8245f3b36aede2a0e583253e5cf7a6af3988c3d7
2023-09-06,56,0x85717166cc0aed85fb9c04aa1ddf896b11356bc2,5,80,The address is blacklisted based on threat intelligence or manual analysis.; The address was marked as red alarm on: https://dappbay.bnbchain.org/red-alarm.,https://dappbay.bnbchain.org/risk-scanner/0x85717166cc0aed85fb9c04aa1ddf896b11356bc2
2023-09-06,56,0x8c1e4b8aea59921889fbe7b68b2ae06e2dd2a7a1,5,80,The address is blacklisted based on threat intelligence or manual analysis.; The address was marked as red alarm on: https://dappbay.bnbchain.org/red-alarm.,https://dappbay.bnbchain.org/risk-scanner/0x8c1e4b8aea59921889fbe7b68b2ae06e2dd2a7a1
2023-09-06,56,0x90a1e4bbade88366dc44436535f1571d95e666c7,5,80,The address is blacklisted based on threat intelligence or manual analysis.; The address was marked as red alarm on: https://dappbay.bnbchain.org/red-alarm.,https://dappbay.bnbchain.org/risk-scanner/0x90a1e4bbade88366dc44436535f1571d95e666c7
2023-09-06,56,0x9321bc6185adc9b9cb503cc211e17cb311c3fa95,5,80,The address is blacklisted based on threat intelligence or manual analysis.; The address was marked as red alarm on: https://dappbay.bnbchain.org/red-alarm.,https://dappbay.bnbchain.org/risk-scanner/0x9321bc6185adc9b9cb503cc211e17cb311c3fa95
2023-09-06,56,0x939a53f89d177eb8e7bfe2ee756d9148d437b1d2,5,80,The address is blacklisted based on threat intelligence or manual analysis.; The address was marked as red alarm on: https://dappbay.bnbchain.org/red-alarm.,https://dappbay.bnbchain.org/risk-scanner/0x939a53f89d177eb8e7bfe2ee756d9148d437b1d2
2023-09-06,56,0x94863b9591a6be6cd9d82bcfe4bb2c2ac23897c9,5,80,The address is blacklisted based on threat intelligence or manual analysis.; The address was marked as red alarm on: https://dappbay.bnbchain.org/red-alarm.,https://dappbay.bnbchain.org/risk-scanner/0x94863b9591a6be6cd9d82bcfe4bb2c2ac23897c9
2023-09-06,56,0x949e0a0672299e6fcd6bec3bd1735d6647b20618,5,80,The address is blacklisted based on threat intelligence or manual analysis.; The address was marked as red alarm on: https://dappbay.bnbchain.org/red-alarm.,https://dappbay.bnbchain.org/risk-scanner/0x949e0a0672299e6fcd6bec3bd1735d6647b20618
2023-09-06,56,0x95173a846cf2134ce5d1dc86bdfb46aa8e41f697,5,80,The address is blacklisted based on threat intelligence or manual analysis.; The address was marked as red alarm on: https://dappbay.bnbchain.org/red-alarm.,https://dappbay.bnbchain.org/risk-scanner/0x95173a846cf2134ce5d1dc86bdfb46aa8e41f697
2023-09-06,56,0x9647d1f8f06f7b3bd808d3f087fedecc4fdc6749,5,80,"The address was marked as red alarm on: https://dappbay.bnbchain.org/red-alarm.; The contract contains some backdoor function which could mean the owner has some potentially malicious intent, please be careful of rugpull risk.; The contract contains some privileged role function which could mean some centralization risk, please be careful of rugpull risk.; The contract has some scam features such as Ponzi, Honeypot or fake token, please be careful of scam risk.",https://dappbay.bnbchain.org/risk-scanner/0x9647d1f8f06f7b3bd808d3f087fedecc4fdc6749
2023-09-06,56,0x97eae24ca21fc9c0c5d4c31d12e9100ab50f20ea,5,80,The address is blacklisted based on threat intelligence or manual analysis.; The address was marked as red alarm on: https://dappbay.bnbchain.org/red-alarm.,https://dappbay.bnbchain.org/risk-scanner/0x97eae24ca21fc9c0c5d4c31d12e9100ab50f20ea
2023-09-06,56,0x98872a66d0749c720d8dc1a80d496b24b04ff7c5,5,80,The address is blacklisted based on threat intelligence or manual analysis.; The address was marked as red alarm on: https://dappbay.bnbchain.org/red-alarm.,https://dappbay.bnbchain.org/risk-scanner/0x98872a66d0749c720d8dc1a80d496b24b04ff7c5
2023-09-06,56,0x9a703326e8ac3f2a08fe012f36a1ec8b0d2d47a1,5,80,The address is blacklisted based on threat intelligence or manual analysis.; The address was marked as red alarm on: https://dappbay.bnbchain.org/red-alarm.,https://dappbay.bnbchain.org/risk-scanner/0x9a703326e8ac3f2a08fe012f36a1ec8b0d2d47a1
2023-09-06,56,0x9b11bc99f7e20ef5b954a23e953c842c2962d7e3,5,80,The address is blacklisted based on threat intelligence or manual analysis.; The address was marked as red alarm on: https://dappbay.bnbchain.org/red-alarm.,https://dappbay.bnbchain.org/risk-scanner/0x9b11bc99f7e20ef5b954a23e953c842c2962d7e3
2023-09-06,56,0x9b9d2e41f0bfd259d9742d9ff74b1331b22ecccc,5,80,The address is blacklisted based on threat intelligence or manual analysis.; The address was marked as red alarm on: https://dappbay.bnbchain.org/red-alarm.,https://dappbay.bnbchain.org/risk-scanner/0x9b9d2e41f0bfd259d9742d9ff74b1331b22ecccc
2023-09-06,56,0x9ce084c378b3e65a164aeba12015ef3881e0f853,5,80,The address is blacklisted based on threat intelligence or manual analysis.; The address was marked as red alarm on: https://dappbay.bnbchain.org/red-alarm.,https://dappbay.bnbchain.org/risk-scanner/0x9ce084c378b3e65a164aeba12015ef3881e0f853
2023-09-06,56,0x9e9bef94795bfe87a11a0369b4e0c3b60a6fcf2b,5,80,The address is blacklisted based on threat intelligence or manual analysis.; The address was marked as red alarm on: https://dappbay.bnbchain.org/red-alarm.,https://dappbay.bnbchain.org/risk-scanner/0x9e9bef94795bfe87a11a0369b4e0c3b60a6fcf2b
2023-09-06,56,0xa02a0b2d67d4fa48677a79cadc483e114049916d,5,80,The address is blacklisted based on threat intelligence or manual analysis.; The address was marked as red alarm on: https://dappbay.bnbchain.org/red-alarm.,https://dappbay.bnbchain.org/risk-scanner/0xa02a0b2d67d4fa48677a79cadc483e114049916d
2023-09-06,56,0xa02ee940789aeb0ef8df84ea91c6ae77a34a0b86,5,80,The address is blacklisted based on threat intelligence or manual analysis.; The address was marked as red alarm on: https://dappbay.bnbchain.org/red-alarm.,https://dappbay.bnbchain.org/risk-scanner/0xa02ee940789aeb0ef8df84ea91c6ae77a34a0b86
2023-09-06,56,0xa03110800894b3ccf8723d991d80875561f96777,5,80,The address is blacklisted based on threat intelligence or manual analysis.; The address was marked as red alarm on: https://dappbay.bnbchain.org/red-alarm.,https://dappbay.bnbchain.org/risk-scanner/0xa03110800894b3ccf8723d991d80875561f96777
2023-09-06,56,0xa08aa383a21bdd5584bfef72e8d1f02c0fff8412,5,80,The address is blacklisted based on threat intelligence or manual analysis.; The address was marked as red alarm on: https://dappbay.bnbchain.org/red-alarm.,https://dappbay.bnbchain.org/risk-scanner/0xa08aa383a21bdd5584bfef72e8d1f02c0fff8412
2023-09-06,56,0xa0c76ebc7a944b37ebf5e0fe797bea61ddc0ca7c,5,80,The address is blacklisted based on threat intelligence or manual analysis.; The address was marked as red alarm on: https://dappbay.bnbchain.org/red-alarm.,https://dappbay.bnbchain.org/risk-scanner/0xa0c76ebc7a944b37ebf5e0fe797bea61ddc0ca7c
2023-09-06,56,0xa2f0fcb59dbce71855ad19fc3442a3e07093d096,5,80,The address is blacklisted based on threat intelligence or manual analysis.; The address was marked as red alarm on: https://dappbay.bnbchain.org/red-alarm.,https://dappbay.bnbchain.org/risk-scanner/0xa2f0fcb59dbce71855ad19fc3442a3e07093d096
2023-09-06,56,0xa50984f7d415d3a49158a9f648b52bd20c47265a,5,80,The address is blacklisted based on threat intelligence or manual analysis.; The address was marked as red alarm on: https://dappbay.bnbchain.org/red-alarm.,https://dappbay.bnbchain.org/risk-scanner/0xa50984f7d415d3a49158a9f648b52bd20c47265a
2023-09-06,56,0xa7255c85232a42b5c602ed66c319da9af8433bb3,5,80,The address is blacklisted based on threat intelligence or manual analysis.; The address was marked as red alarm on: https://dappbay.bnbchain.org/red-alarm.,https://dappbay.bnbchain.org/risk-scanner/0xa7255c85232a42b5c602ed66c319da9af8433bb3
2023-09-06,56,0xacda0914f4a4aeb7e058b132ebdeabca4b508f98,5,80,The address is blacklisted based on threat intelligence or manual analysis.; The address was marked as red alarm on: https://dappbay.bnbchain.org/red-alarm.,https://dappbay.bnbchain.org/risk-scanner/0xacda0914f4a4aeb7e058b132ebdeabca4b508f98
2023-09-06,56,0xadd201771400783b465f550c1907713a8b839823,5,80,"The address was marked as red alarm on: https://dappbay.bnbchain.org/red-alarm.; The contract contains some backdoor function which could mean the owner has some potentially malicious intent, please be careful of rugpull risk.; The contract contains some privileged role function which could mean some centralization risk, please be careful of rugpull risk.; The contract has some scam features such as Ponzi, Honeypot or fake token, please be careful of scam risk.",https://dappbay.bnbchain.org/risk-scanner/0xadd201771400783b465f550c1907713a8b839823
2023-09-06,56,0xade2321efcc54b1d0676a29e331579da7b82aa76,5,80,The address is blacklisted based on threat intelligence or manual analysis.; The address was marked as red alarm on: https://dappbay.bnbchain.org/red-alarm.,https://dappbay.bnbchain.org/risk-scanner/0xade2321efcc54b1d0676a29e331579da7b82aa76
2023-09-06,56,0xb0fb5739da1198329b0241cb6721da22805cbecc,5,80,The address is blacklisted based on threat intelligence or manual analysis.; The address was marked as red alarm on: https://dappbay.bnbchain.org/red-alarm.,https://dappbay.bnbchain.org/risk-scanner/0xb0fb5739da1198329b0241cb6721da22805cbecc
2023-09-06,56,0xb12e8eb6b1f24e14381514d2f3b75e7c61487016,5,80,"The address was marked as red alarm on: https://dappbay.bnbchain.org/red-alarm.; The contract contains some backdoor function which could mean the owner has some potentially malicious intent, please be careful of rugpull risk.; The contract contains some privileged role function which could mean some centralization risk, please be careful of rugpull risk.; The contract has some scam features such as Ponzi, Honeypot or fake token, please be careful of scam risk.",https://dappbay.bnbchain.org/risk-scanner/0xb12e8eb6b1f24e14381514d2f3b75e7c61487016
2023-09-06,56,0xb16600c510b0f323dee2cb212924d90e58864421,5,80,"The address is blacklisted based on threat intelligence or manual analysis.; The address was marked as red alarm on: https://dappbay.bnbchain.org/red-alarm.; The contract has some scam features such as Ponzi, Honeypot or fake token, please be careful of scam risk.",https://dappbay.bnbchain.org/risk-scanner/0xb16600c510b0f323dee2cb212924d90e58864421
2023-09-06,56,0xb1a1d06d42a43a8fcfdc7fdcd744f7ef03e8ad1a,5,80,The address is blacklisted based on threat intelligence or manual analysis.; The address was marked as red alarm on: https://dappbay.bnbchain.org/red-alarm.,https://dappbay.bnbchain.org/risk-scanner/0xb1a1d06d42a43a8fcfdc7fdcd744f7ef03e8ad1a
2023-09-06,56,0xb1a90969d7f37ee1b0344c292e7e43778dabd3e2,5,80,The address is blacklisted based on threat intelligence or manual analysis.; The address was marked as red alarm on: https://dappbay.bnbchain.org/red-alarm.,https://dappbay.bnbchain.org/risk-scanner/0xb1a90969d7f37ee1b0344c292e7e43778dabd3e2
2023-09-06,56,0xb1d1f51a96355ad6fa8266f311e7a67700a26f6a,5,80,The address is blacklisted based on threat intelligence or manual analysis.; The address was marked as red alarm on: https://dappbay.bnbchain.org/red-alarm.,https://dappbay.bnbchain.org/risk-scanner/0xb1d1f51a96355ad6fa8266f311e7a67700a26f6a
2023-09-06,56,0xb39d1e503465fc1a9863f4ce10c0a7afea7bbc8f,5,80,The address is blacklisted based on threat intelligence or manual analysis.; The address was marked as red alarm on: https://dappbay.bnbchain.org/red-alarm.,https://dappbay.bnbchain.org/risk-scanner/0xb39d1e503465fc1a9863f4ce10c0a7afea7bbc8f
2023-09-06,56,0xb486857fac4254a7ffb3b1955ee0c0a2b2ca75ab,5,80,The address is blacklisted based on threat intelligence or manual analysis.; The address was marked as red alarm on: https://dappbay.bnbchain.org/red-alarm.,https://dappbay.bnbchain.org/risk-scanner/0xb486857fac4254a7ffb3b1955ee0c0a2b2ca75ab
2023-09-06,56,0xb4c35ee36eceb7c700165bd67de1c4b7876b6c56,5,80,The address is blacklisted based on threat intelligence or manual analysis.; The address was marked as red alarm on: https://dappbay.bnbchain.org/red-alarm.,https://dappbay.bnbchain.org/risk-scanner/0xb4c35ee36eceb7c700165bd67de1c4b7876b6c56
2023-09-06,56,0xb649fb152548b303f69a858c817d8939e8bc0b26,5,80,The address is blacklisted based on threat intelligence or manual analysis.; The address was marked as red alarm on: https://dappbay.bnbchain.org/red-alarm.,https://dappbay.bnbchain.org/risk-scanner/0xb649fb152548b303f69a858c817d8939e8bc0b26
2023-09-06,56,0xb696643ce3f5a68e54f6f6448803ee92b108641c,5,80,The address is blacklisted based on threat intelligence or manual analysis.; The address was marked as red alarm on: https://dappbay.bnbchain.org/red-alarm.,https://dappbay.bnbchain.org/risk-scanner/0xb696643ce3f5a68e54f6f6448803ee92b108641c
2023-09-06,56,0xb9b9987fa8db666402fed80263b220203de26791,5,80,The address is blacklisted based on threat intelligence or manual analysis.; The address was marked as red alarm on: https://dappbay.bnbchain.org/red-alarm.,https://dappbay.bnbchain.org/risk-scanner/0xb9b9987fa8db666402fed80263b220203de26791
2023-09-06,56,0xba14f939665218fbf14b7e042a0d5d18e2037532,5,80,The address is blacklisted based on threat intelligence or manual analysis.; The address was marked as red alarm on: https://dappbay.bnbchain.org/red-alarm.,https://dappbay.bnbchain.org/risk-scanner/0xba14f939665218fbf14b7e042a0d5d18e2037532
2023-09-06,56,0xba17dc1ed4487376bb2173d5e6b41d033ff2966e,5,80,The address is blacklisted based on threat intelligence or manual analysis.; The address was marked as red alarm on: https://dappbay.bnbchain.org/red-alarm.,https://dappbay.bnbchain.org/risk-scanner/0xba17dc1ed4487376bb2173d5e6b41d033ff2966e
2023-09-06,56,0xbbe86d676fed08c0d99815f4dea649363bb92922,5,80,The address is blacklisted based on threat intelligence or manual analysis.; The address was marked as red alarm on: https://dappbay.bnbchain.org/red-alarm.,https://dappbay.bnbchain.org/risk-scanner/0xbbe86d676fed08c0d99815f4dea649363bb92922
2023-09-06,56,0xbd791f7fc8883e60be9b29f0f7cafa6df75669a4,5,80,The address is blacklisted based on threat intelligence or manual analysis.; The address was marked as red alarm on: https://dappbay.bnbchain.org/red-alarm.,https://dappbay.bnbchain.org/risk-scanner/0xbd791f7fc8883e60be9b29f0f7cafa6df75669a4
2023-09-06,56,0xbe5e1a05c2ff9708127916a7bdd66bc729b9a2b6,5,80,The address is blacklisted based on threat intelligence or manual analysis.; The address was marked as red alarm on: https://dappbay.bnbchain.org/red-alarm.,https://dappbay.bnbchain.org/risk-scanner/0xbe5e1a05c2ff9708127916a7bdd66bc729b9a2b6
2023-09-06,56,0xbecfd0bb03b34d973c0ee577d20a7f363a0e2094,5,80,The address is blacklisted based on threat intelligence or manual analysis.; The address was marked as red alarm on: https://dappbay.bnbchain.org/red-alarm.,https://dappbay.bnbchain.org/risk-scanner/0xbecfd0bb03b34d973c0ee577d20a7f363a0e2094
2023-09-06,56,0xc068cbf21ac99cedfcc8973d66f20d7f235a3ba2,5,80,The address is blacklisted based on threat intelligence or manual analysis.; The address was marked as red alarm on: https://dappbay.bnbchain.org/red-alarm.,https://dappbay.bnbchain.org/risk-scanner/0xc068cbf21ac99cedfcc8973d66f20d7f235a3ba2
2023-09-06,56,0xc36d17085b26fc5dcbbb46a6a2068b3ade2cdab5,5,80,The address is blacklisted based on threat intelligence or manual analysis.; The address was marked as red alarm on: https://dappbay.bnbchain.org/red-alarm.,https://dappbay.bnbchain.org/risk-scanner/0xc36d17085b26fc5dcbbb46a6a2068b3ade2cdab5
2023-09-06,56,0xc78c316f088626637ff3b7c650446c1f3f143b79,5,80,The address is blacklisted based on threat intelligence or manual analysis.; The address was marked as red alarm on: https://dappbay.bnbchain.org/red-alarm.,https://dappbay.bnbchain.org/risk-scanner/0xc78c316f088626637ff3b7c650446c1f3f143b79
2023-09-06,56,0xce04b45947a91a9d31031195e44e59379c8d3b12,5,80,The address is blacklisted based on threat intelligence or manual analysis.; The address was marked as red alarm on: https://dappbay.bnbchain.org/red-alarm.,https://dappbay.bnbchain.org/risk-scanner/0xce04b45947a91a9d31031195e44e59379c8d3b12
2023-09-06,56,0xce93f9827813761665ce348e33768cb1875a9704,5,80,The address is blacklisted based on threat intelligence or manual analysis.; The address was marked as red alarm on: https://dappbay.bnbchain.org/red-alarm.,https://dappbay.bnbchain.org/risk-scanner/0xce93f9827813761665ce348e33768cb1875a9704
2023-09-06,56,0xcecedb6166ae7f27bc187c8cd8ffb5b108a5fd7d,5,80,"The address was marked as red alarm on: https://dappbay.bnbchain.org/red-alarm.; The contract contains some backdoor function which could mean the owner has some potentially malicious intent, please be careful of rugpull risk.; The contract has some scam features such as Ponzi, Honeypot or fake token, please be careful of scam risk.",https://dappbay.bnbchain.org/risk-scanner/0xcecedb6166ae7f27bc187c8cd8ffb5b108a5fd7d
2023-09-06,56,0xcff123308d1f7558a0b608721b7643804cf3b9f0,5,80,The address is blacklisted based on threat intelligence or manual analysis.; The address was marked as red alarm on: https://dappbay.bnbchain.org/red-alarm.,https://dappbay.bnbchain.org/risk-scanner/0xcff123308d1f7558a0b608721b7643804cf3b9f0
2023-09-06,56,0xd048b4c23af828e5be412505a51a8dd7b37782dd,5,80,The address is blacklisted based on threat intelligence or manual analysis.; The address was marked as red alarm on: https://dappbay.bnbchain.org/red-alarm.,https://dappbay.bnbchain.org/risk-scanner/0xd048b4c23af828e5be412505a51a8dd7b37782dd
2023-09-06,56,0xd08f7b01fdd26928dcdc956610a5332f17b3ea11,5,80,The address is blacklisted based on threat intelligence or manual analysis.; The address was marked as red alarm on: https://dappbay.bnbchain.org/red-alarm.,https://dappbay.bnbchain.org/risk-scanner/0xd08f7b01fdd26928dcdc956610a5332f17b3ea11
2023-09-06,56,0xd2d8e67f2d2dd82241a66fb8724b9bce37a59b16,5,80,The address is blacklisted based on threat intelligence or manual analysis.; The address was marked as red alarm on: https://dappbay.bnbchain.org/red-alarm.,https://dappbay.bnbchain.org/risk-scanner/0xd2d8e67f2d2dd82241a66fb8724b9bce37a59b16
2023-09-06,56,0xd3d2fb3165def479310144e37e68c1e824526e36,5,80,The address is blacklisted based on threat intelligence or manual analysis.; The address was marked as red alarm on: https://dappbay.bnbchain.org/red-alarm.,https://dappbay.bnbchain.org/risk-scanner/0xd3d2fb3165def479310144e37e68c1e824526e36
2023-09-06,56,0xd80d08312bd88577d2e86b5d82127423b1425962,5,80,The address is blacklisted based on threat intelligence or manual analysis.; The address was marked as red alarm on: https://dappbay.bnbchain.org/red-alarm.,https://dappbay.bnbchain.org/risk-scanner/0xd80d08312bd88577d2e86b5d82127423b1425962
2023-09-06,56,0xda2d21872999e700a715a1bda3153eb9079770bb,5,80,The address is blacklisted based on threat intelligence or manual analysis.; The address was marked as red alarm on: https://dappbay.bnbchain.org/red-alarm.,https://dappbay.bnbchain.org/risk-scanner/0xda2d21872999e700a715a1bda3153eb9079770bb
2023-09-06,56,0xdc35505fbf46605f61014b9b2ac96826c47017d5,5,80,The address is blacklisted based on threat intelligence or manual analysis.; The address was marked as red alarm on: https://dappbay.bnbchain.org/red-alarm.,https://dappbay.bnbchain.org/risk-scanner/0xdc35505fbf46605f61014b9b2ac96826c47017d5
2023-09-06,56,0xdfe4f24cb2ae23eeef0c75f5ef5a404636e4a6f3,5,80,The address is blacklisted based on threat intelligence or manual analysis.; The address was marked as red alarm on: https://dappbay.bnbchain.org/red-alarm.,https://dappbay.bnbchain.org/risk-scanner/0xdfe4f24cb2ae23eeef0c75f5ef5a404636e4a6f3
2023-09-06,56,0xe01806f66abcd460a7eb38ec723cc644c3e5833c,5,80,The address is blacklisted based on threat intelligence or manual analysis.; The address was marked as red alarm on: https://dappbay.bnbchain.org/red-alarm.,https://dappbay.bnbchain.org/risk-scanner/0xe01806f66abcd460a7eb38ec723cc644c3e5833c
2023-09-06,56,0xe0796f447d28d99ec893721e32f84ad1bf9f60da,5,80,The address is blacklisted based on threat intelligence or manual analysis.; The address was marked as red alarm on: https://dappbay.bnbchain.org/red-alarm.,https://dappbay.bnbchain.org/risk-scanner/0xe0796f447d28d99ec893721e32f84ad1bf9f60da
2023-09-06,56,0xe3e1147acd39687a25ca7716227c604500f5c31a,5,80,The address is blacklisted based on threat intelligence or manual analysis.; The address was marked as red alarm on: https://dappbay.bnbchain.org/red-alarm.,https://dappbay.bnbchain.org/risk-scanner/0xe3e1147acd39687a25ca7716227c604500f5c31a
2023-09-06,56,0xe48d154c4909031298fab63b13a86dbad39b59ee,5,80,The address is blacklisted based on threat intelligence or manual analysis.; The address was marked as red alarm on: https://dappbay.bnbchain.org/red-alarm.,https://dappbay.bnbchain.org/risk-scanner/0xe48d154c4909031298fab63b13a86dbad39b59ee
2023-09-06,56,0xe4dc9c80b81e7fb385b1674b38c030936c3982d4,5,80,The address is blacklisted based on threat intelligence or manual analysis.; The address was marked as red alarm on: https://dappbay.bnbchain.org/red-alarm.,https://dappbay.bnbchain.org/risk-scanner/0xe4dc9c80b81e7fb385b1674b38c030936c3982d4
2023-09-06,56,0xe5a5a08efbd8748328659dd6272e53e8b9b51cc3,5,80,The address is blacklisted based on threat intelligence or manual analysis.; The address was marked as red alarm on: https://dappbay.bnbchain.org/red-alarm.,https://dappbay.bnbchain.org/risk-scanner/0xe5a5a08efbd8748328659dd6272e53e8b9b51cc3
2023-09-06,56,0xe9718b9f39da0b8a7ae2d05ce7bf59b42a67bb4b,5,80,"The address was marked as red alarm on: https://dappbay.bnbchain.org/red-alarm.; The contract contains some backdoor function which could mean the owner has some potentially malicious intent, please be careful of rugpull risk.; The contract contains some privileged role function which could mean some centralization risk, please be careful of rugpull risk.; The contract has some scam features such as Ponzi, Honeypot or fake token, please be careful of scam risk.",https://dappbay.bnbchain.org/risk-scanner/0xe9718b9f39da0b8a7ae2d05ce7bf59b42a67bb4b
2023-09-06,56,0xeb2d0f282a379567cd0337178dc1539a3b2a6bc1,5,80,The address is blacklisted based on threat intelligence or manual analysis.; The address was marked as red alarm on: https://dappbay.bnbchain.org/red-alarm.,https://dappbay.bnbchain.org/risk-scanner/0xeb2d0f282a379567cd0337178dc1539a3b2a6bc1
2023-09-06,56,0xedbd18b82215e7e39b7080ad967669b00ff1b8b4,5,80,The address is blacklisted based on threat intelligence or manual analysis.; The address was marked as red alarm on: https://dappbay.bnbchain.org/red-alarm.,https://dappbay.bnbchain.org/risk-scanner/0xedbd18b82215e7e39b7080ad967669b00ff1b8b4
2023-09-06,56,0xee6cacddd3a9370d87db581ee6728226883578e5,5,80,The address is blacklisted based on threat intelligence or manual analysis.; The address was marked as red alarm on: https://dappbay.bnbchain.org/red-alarm.,https://dappbay.bnbchain.org/risk-scanner/0xee6cacddd3a9370d87db581ee6728226883578e5
2023-09-06,56,0xf17f7827403c166fda782ceb17b29900d1a2ad15,5,80,The address is blacklisted based on threat intelligence or manual analysis.; The address was marked as red alarm on: https://dappbay.bnbchain.org/red-alarm.,https://dappbay.bnbchain.org/risk-scanner/0xf17f7827403c166fda782ceb17b29900d1a2ad15
2023-09-06,56,0xf3c1f7d48c2696e8756f976b113e7d1ddccd87df,5,80,The address is blacklisted based on threat intelligence or manual analysis.; The address was marked as red alarm on: https://dappbay.bnbchain.org/red-alarm.,https://dappbay.bnbchain.org/risk-scanner/0xf3c1f7d48c2696e8756f976b113e7d1ddccd87df
2023-09-06,56,0xf43d86d3af365ed5c42fa925bebd49ef0f56b974,5,80,The address is blacklisted based on threat intelligence or manual analysis.; The address was marked as red alarm on: https://dappbay.bnbchain.org/red-alarm.,https://dappbay.bnbchain.org/risk-scanner/0xf43d86d3af365ed5c42fa925bebd49ef0f56b974
2023-09-06,56,0xfb8414947d7780b878ef21d6b4e688b866c3aa6c,5,80,The address is blacklisted based on threat intelligence or manual analysis.; The address was marked as red alarm on: https://dappbay.bnbchain.org/red-alarm.,https://dappbay.bnbchain.org/risk-scanner/0xfb8414947d7780b878ef21d6b4e688b866c3aa6c
2023-09-06,56,0xfc46b09bf98858b08c5c5deeb5c19e609fabd398,5,80,The address is blacklisted based on threat intelligence or manual analysis.; The address was marked as red alarm on: https://dappbay.bnbchain.org/red-alarm.,https://dappbay.bnbchain.org/risk-scanner/0xfc46b09bf98858b08c5c5deeb5c19e609fabd398
2023-09-06,56,0xffe811714ab35360b67ee195ace7c10d93f89d8c,5,80,The address is blacklisted based on threat intelligence or manual analysis.; The address was marked as red alarm on: https://dappbay.bnbchain.org/red-alarm.,https://dappbay.bnbchain.org/risk-scanner/0xffe811714ab35360b67ee195ace7c10d93f89d8c
